id,bvid,title,play,like,favorite,coin,reply,author_name,mid,fans,tname,tags,cover,duration,detail_url,点赞率,收藏率,投币率,评论率,互动总分
1,BV1dsTL6dEkB,苗族银饰,2771626,241367,24365,88413,2990,归乡人山白,3494349557992101,1983330,,"一起做手工吧！,制作,手工,原创,手工艺,苗族,饰品,银饰,传统手工,苗族银饰",http://i0.hdslb.com/bfs/archive/68f32d1fccd8feb3c70c76285b0a4d4ba37f0b5c.jpg,689,https://www.bilibili.com/video/BV1dsTL6dEkB,0.0870849818842802,0.008790868609256805,0.03189932552227465,0.001078789129557884,0.1651487249722726
2,BV16SKU6REfQ,网瘾賊大的阿嬷,2538485,118421,17046,3723,1904,神威-狗剩,5432766,29846,,"鬼畜剧场Remake,杰哥不要,搞笑,鬼畜,阿伟,彬彬,杰哥,阿嬷,登dua郎,鬼畜剧场",http://i2.hdslb.com/bfs/archive/fc43c20e0acf97fbcb0b3fdc72dfcc74baf3b3b7.jpg,152,https://www.bilibili.com/video/BV16SKU6REfQ,0.04665026580814935,0.006715028845945515,0.001466622808486164,0.0007500536737463487,0.060406108367786294
3,BV1k2KU6oEGB,《原神》角色预告-「桑多涅：致新生」,1267615,184687,38715,94771,8109,原神,401742377,20574929,,"桑多涅,月之八,木偶,米哈游,miHoYo,原神",http://i0.hdslb.com/bfs/archive/67042ef4c645c2cde917b7f9cceaf032a5caa4c7.jpg,686,https://www.bilibili.com/video/BV1k2KU6oEGB,0.14569644568737353,0.03054160766478781,0.07476323647164163,0.00639705273288814,0.34743238286072664
4,BV12BKU6AEW1,《异环》真红角色短片丨赤龙假日,2073556,48956,8005,5931,5152,异环,3546636978489848,2973006,,"异环,异环真红,九百九十九夜",http://i2.hdslb.com/bfs/archive/aa9f80fe7aedf97420cdf59cf38c929685c5d36a.jpg,634,https://www.bilibili.com/video/BV12BKU6AEW1,0.02360968307583687,0.003860517873643152,0.002860303748729236,0.0024846206227369795,0.03760568800649705
5,BV1DAjR62EpD,那些裸辞搞OPC一人公司的人，现在怎么样了？AI时代三大“骗局”：一人公司、openclaw、AI培训,1457170,23062,12730,1542,505,图灵的猫,371846699,1118679,,"WorkBuddy超级个体大赛,腾讯,创业,AI,智能体,OPC,大模型,agent",http://i2.hdslb.com/bfs/archive/e25d5596da96eff9ed2b37c13136f33ae4bdfbbd.jpg,397,https://www.bilibili.com/video/BV1DAjR62EpD,0.015826567936479616,0.008736111778310011,0.0010582155822587618,0.000346562171881112,0.03139372894034327
6,BV1rz7569EWw,找到了10年前跪舔b站的视频,12233582,1212359,343559,697481,20751,逗比的雀巢,5294454,10953958,,"搞笑小剧场,回忆,生活,高能,娱乐,帅哥,搞笑,搞笑视频,美的全屋智能,美的美享家",http://i0.hdslb.com/bfs/archive/61b59b6e7ba5d34592401ac162e800ef3a9ddf0f.jpg,439,https://www.bilibili.com/video/BV1rz7569EWw,0.09910090110974856,0.02808327111388962,0.05701363672553141,0.001696232550695291,0.2569493137823411
7,BV1ugKS63E18,人类...完蛋了...,1258584,88390,16694,2821,1993,请叫我小严子,254413801,177162,,"鬼畜全明星AI剧场,搞笑,mygo,神人,千早爱音,丰川祥子,mujica",http://i0.hdslb.com/bfs/archive/a83fe11b86f5f2bc5195268000f7c6f9a4481f51.jpg,96,https://www.bilibili.com/video/BV1ugKS63E18,0.07022971847727287,0.013264112685367048,0.0022414078043261317,0.0015835256129110174,0.09619222872688672
8,BV1NWKS6aEgF,第3集丨“柠檬茶能换怀表？”,1448667,116930,21931,5724,1146,是DollDoll,3546883477736061,68123,,"三角洲行动,王宇昊,麦晓雯,三角洲动画",http://i0.hdslb.com/bfs/archive/cbe8b1c2e85fa8cf02f4485f676c2e504d9d2d63.jpg,103,https://www.bilibili.com/video/BV1NWKS6aEgF,0.08071558197984768,0.015138744790900877,0.003951218603032995,0.0007910720683221195,0.1121172084405871
9,BV1SZ7W6aEeE,重庆真的是一个8D魔幻城市，谁来都得晕，太离谱了！,3759475,179923,19983,1815,4460,峻宁峻宁,1938121503,1428288,,"搞笑小剧场,生活记录,旅游,魔幻,重庆,山城,记录,城市,8D",http://i0.hdslb.com/bfs/archive/20048eed328174b94a788e710f90c55f0717f6e1.jpg,137,https://www.bilibili.com/video/BV1SZ7W6aEeE,0.047858544078628,0.005315369832223914,0.00048278017542343016,0.0011863358580652885,0.05798349503587602
10,BV1ewjP6LEaQ,【剧情】心间错（2026）14【 朱正廷 / 哈妮克孜 】,430191,1523,1108,1095,240,迷影社,4856007,3265634,,,http://i1.hdslb.com/bfs/archive/cebcc77a58b24bd4aa6b60d906ffd87d81ffd28c.png,1367,https://www.bilibili.com/video/BV1ewjP6LEaQ,0.0035402879186221935,0.0025756001404027514,0.0025453810051814193,0.0005578917271630508,0.01305234186675221
11,BV1iZT36mE9d,如果有二次元高中是什么样子的？,1076006,56939,6684,1082,1926,李藩混合物,450335747,31611,,"二次元校园副本挑战者,二次元,动漫,校园,高中",http://i1.hdslb.com/bfs/archive/c5f39ce76523b4d47fa3ff129d4d9a0813c4503a.jpg,212,https://www.bilibili.com/video/BV1iZT36mE9d,0.052916991169194225,0.00621186127214904,0.0010055706009074298,0.0017899528441291219,0.06603587712336177
12,BV1GyTg6BEwW,我觉得你是在无中生友,2355977,189447,30072,4018,3256,笔心无忧BX,315774349,856188,,"绘画过程,绘画,手绘",http://i0.hdslb.com/bfs/archive/2fe6927b5ec0dadfd7c6548b6e97f2d2175b83d7.jpg,86,https://www.bilibili.com/video/BV1GyTg6BEwW,0.08041122642538531,0.012764131398566286,0.0017054495863075064,0.0013820168872616329,0.10435033958311138
13,BV1wYKQ6PEF7,《崩坏：星穹铁道》寰宇漫游变奏：「知更鸟•晴歌」,2011991,189726,25110,34171,27165,崩坏星穹铁道,1340190821,12300323,,"崩坏：星穹铁道,崩坏星穹铁道,星穹铁道知更鸟晴歌,米哈游,miHoYo",http://i1.hdslb.com/bfs/archive/080b35a6ceedd3ca96233323d4893be54e42d92a.jpg,18,https://www.bilibili.com/video/BV1wYKQ6PEF7,0.09429763850832334,0.012480175110127232,0.01698367438025319,0.013501551448291767,0.16048680138231233
14,BV1a5T56yEcP,普通僵尸太普通，终于玩上超标的尸壳了【我是僵尸】,800320,71439,5639,6768,1256,磊哥游戏,268941858,3077250,,"我是僵尸,我的世界",http://i1.hdslb.com/bfs/archive/b6f3a2eee519c67eab251335157ea00586f73ec5.jpg,324,https://www.bilibili.com/video/BV1a5T56yEcP,0.08926304478208716,0.007045931627349061,0.008456617353058776,0.0015693722510995603,0.11831454918032787
15,BV12x756YEDQ,把毒品藏在哪里，60秒内不会被发现？,8620255,591974,98909,131927,23604,Upspeed盛嘉成,86439234,2864256,,"汽车,云南,社会,犯罪,科普,高能,4K,警察,禁毒,公安",http://i2.hdslb.com/bfs/archive/648632c5cc3e0af92fd1cdc67ee0d4f356548d47.jpg,1128,https://www.bilibili.com/video/BV12x756YEDQ,0.06867244646475075,0.01147402252021547,0.015304303642989679,0.0027382020601478727,0.11923028959120119
16,BV162Tu67EoC,这个男人他来了…,1484953,184797,15821,9015,1052,啊费定格动画,3493092757866732,55999,,"唐嘉琦,抽象,创意手工",http://i2.hdslb.com/bfs/archive/2d73f71a1da0a13543f5e6eebc5cac5811012323.jpg,16,https://www.bilibili.com/video/BV162Tu67EoC,0.12444636294886101,0.010654209257801426,0.006070899213645145,0.0007084399304220402,0.15327791519327547
17,BV1cYKQ6PE6w,中国车在纽北的BTG新纪录！,176427,4867,1027,4383,643,苏黎世贝勒爷,454370042,58437,,"小米,纽北BTG圈速,纽北,电动车,SU7Ultra",http://i1.hdslb.com/bfs/archive/dc57c893c31cf4ea885c1730bf6b36bd7703582d.jpg,2072,https://www.bilibili.com/video/BV1cYKQ6PE6w,0.027586480527356926,0.005821104479473096,0.0248431362546549,0.0036445668746847137,0.08964897663056108
18,BV1EB7G62EGE,一集吃爽！在重庆的肥肠鸡加串串香到底有啥不一样？！！,2094544,182525,14237,4785,2609,特厨隋坡,3546888255048212,3054773,,"美食,重庆,隋坡,大众点评,美食探店",http://i0.hdslb.com/bfs/archive/5ad4823c1dea5bdecf0fe97f6d9047160820350d.jpg,285,https://www.bilibili.com/video/BV1EB7G62EGE,0.08714307266880046,0.006797183539710792,0.0022845067947963853,0.0012456171844563782,0.1031534787524158
19,BV1emKQ69EcB,《崩坏：星穹铁道》寰宇漫游变奏：「砂金•戏浪」,1514200,138932,13912,17459,19048,崩坏星穹铁道,1340190821,12300326,,"崩坏：星穹铁道,崩坏星穹铁道,星穹铁道砂金戏浪,米哈游,miHoYo",http://i2.hdslb.com/bfs/archive/d01de41054738062e66c199371b2e1e76d5f4318.jpg,17,https://www.bilibili.com/video/BV1emKQ69EcB,0.0917527407211729,0.009187689869237882,0.011530180953638886,0.01257957997622507,0.14117421740853256
20,BV1F6K96TEaW,兜 帽 难 藏 泪 4,317928,56806,15404,26984,2433,sss技巧吐槽,6689054,314029,,"明日方舟创作者应援计划,明日方舟,凯尔希,可露希尔,Mon3tr,普瑞赛斯",http://i2.hdslb.com/bfs/archive/2dedbab759fa73a1f8ffeaa0208af629084640aa.jpg,114,https://www.bilibili.com/video/BV1F6K96TEaW,0.1786756749955965,0.04845122166025012,0.08487456279409174,0.007652676077602476,0.4287543091517576
21,BV1pm7n6kExn,"""超算小姐，这一次，我一定要带你出去...""",4342257,378670,136138,155061,4163,HL-Flame,3546883796503085,76399,,"三角洲欢乐剧场,doge,cheems,巴克什,三角洲行动,三角洲S9赛季,三角洲回响,三角洲S10赛季,三角洲裂变,大红",http://i1.hdslb.com/bfs/archive/e853b29efa2f881421088f103faa3ad956e956a6.jpg,233,https://www.bilibili.com/video/BV1pm7n6kExn,0.0872058010384922,0.03135189833305583,0.03570977028766376,0.0009587180123147939,0.20661190712571825
22,BV1hQ7Y6tEgH,左手《Luvsic》，右手《夜，萤火虫和你》，是什么感觉？,16030621,1075707,746801,174679,15683,桓桓Aileen,1423268604,427434,,"演奏挑战赛,钢琴,夜萤火虫和你,luvsic",http://i2.hdslb.com/bfs/archive/ad4a8616f9fb9810ee9b53e244578ae49b7bb8de.jpg,96,https://www.bilibili.com/video/BV1hQ7Y6tEgH,0.0671032644337359,0.04658590581113483,0.010896583482324234,0.000978315188163952,0.15975360530325058
23,BV17ZKU6JEgo,当我试图驯服ai做短剧（3）,1084505,76757,9862,1555,794,打工喵i,281143686,25515,,"搞笑,ai短剧,猫咪ai,驯服 ai",http://i0.hdslb.com/bfs/archive/450218d6c62f35063adb463d87f9d518d5319bb9.jpg,58,https://www.bilibili.com/video/BV17ZKU6JEgo,0.07077606834454428,0.00909354959174923,0.001433833868907935,0.0007321312488185854,0.08801619171880258
24,BV1QgKS63EgP,⚡逼尔摩斯教你玩球⚡,505798,39136,7190,1881,563,洛温阿特金森,30222764,1997256,,"世界杯,搞笑,鬼畜,动画,福尔摩斯,配音,美团外卖决战这一杯,美团外卖饮品福利,沙雕,美团外卖",http://i2.hdslb.com/bfs/archive/4a2a58bf9d613ef73a25f8141d76fb76a21412b5.jpg,203,https://www.bilibili.com/video/BV1QgKS63EgP,0.07737476225686934,0.014215160993123737,0.0037188759148909247,0.0011130925784601758,0.10724834815479697
25,BV1bRTG6zE57,《名肘探科比》：科比大战裂口女,576964,41627,11947,5399,971,村村狗熊,73419115,49318,,"鬼畜全明星AI剧场,推理,鬼畜,科比,牢大,AI短剧,裂口女,抽象",http://i1.hdslb.com/bfs/archive/ffb8335ded99a7174c22124c8d7ba59a9e5b779a.jpg,470,https://www.bilibili.com/video/BV1bRTG6zE57,0.07214834894378158,0.020706664540595252,0.009357602900700911,0.0016829472896055906,0.12360649884568188
26,BV1uEK96HEoj,81老人卖菜获博主帮助后遇车祸去世，博主自责道歉,1320442,142216,6051,2256,4818,九派新闻,1955655610,363334,,"博主,老人,道歉,车祸去世",http://i1.hdslb.com/bfs/archive/137d2da0e2b7b384958a568e96a86a714492c556.jpg,49,https://www.bilibili.com/video/BV1uEK96HEoj,0.10770332964264996,0.004582556447007896,0.0017085188141546543,0.0036487782121441153,0.12164298015361523
27,BV1YK7h6HE7Z,对话Lilwukong：被骂了三个月，我敢说 AI 才是音乐的未来,2089653,64723,12790,1197,1595,林慈丰AI,67969624,26884,,"科技猎手,悟空,说唱,学习,音乐,AI,可灵,TapNow,Lilwukong,mv",http://i2.hdslb.com/bfs/archive/b9fef9bf389318b264291f51ce04d807fe9b0478.jpg,555,https://www.bilibili.com/video/BV1YK7h6HE7Z,0.030973085005022365,0.00612063342574102,0.0005728223776866303,0.0007632846218965541,0.04206296452090371
28,BV1bmTM6ZEya,啥比桑吉尔夫排位练蓝防（最不抽象的一集）,1465143,127673,25780,32387,2104,89不玩抽象,1650023427,22417,,"音效,街霸六,勾石音效,轻松绷住,老桑,桑吉尔夫",http://i0.hdslb.com/bfs/archive/b8b0c9ce0aa9fc1f845d328a056c168342b36d1a.jpg,279,https://www.bilibili.com/video/BV1bmTM6ZEya,0.08714029961580542,0.01759555210651793,0.022105009545143377,0.0014360373014784223,0.15917968416734748
29,BV1F2jd6TE9P,【深度科普】为什么AI越聪明，你反而越不会工作了？,1726994,37119,10502,11403,365,GenJi是真想教会你,49746395,3339349,,"不用学的AI工具Tabbit,浏览器,AI,Tabbit,妙招,夸克,Agent,AI工具,打工人",http://i1.hdslb.com/bfs/archive/01bd91600914db555a7399376470e224b79a985f.jpg,793,https://www.bilibili.com/video/BV1F2jd6TE9P,0.021493415726979943,0.006081086558494124,0.006602802325891115,0.00021134989467247716,0.044032000111175834
30,BV1mBKU6AEES,“中国养猪场都用上空调了”！这是真的吗？【主播说三农】,716079,72428,3524,2521,4325,央视农业,1343321779,3903083,,"主播说三农,田间地头看变化,母猪,猪,养猪场,空调",http://i1.hdslb.com/bfs/archive/e5c5007e01e6ae7679d36d8ab6056a1026a8ae74.jpg,198,https://www.bilibili.com/video/BV1mBKU6AEES,0.10114526469844808,0.00492124472299844,0.003520561278853311,0.006039836386767382,0.12160809072741974
31,BV1XaTV6VE3e,鼠鼠的火腾龙，变成了爸妈的空调,484378,55114,6096,37186,1749,沉剑o,11113150,2346,,"必剪创作,鼠鼠文学,曼德尔砖,气象感应,火腾龙,三角洲,游戏回忆,现实与游戏",http://i1.hdslb.com/bfs/archive/b5a5b0d049129f6cdd732e26136c7b4072d3cca6.jpg,261,https://www.bilibili.com/video/BV1XaTV6VE3e,0.11378303721473725,0.012585212375458836,0.07677062129163587,0.003610816345911664,0.2898129147071089
32,BV1hhKD61EMJ,这集爆笑！瑞克自己和自己干……起来了！双倍腌黄瓜快乐！（瑞克和莫蒂·第九季第六集剧情）,724946,32824,4061,3593,1801,安迪视频,357261525,1720150,,"瑞克和莫蒂,动漫杂谈,安迪视频,瑞克和莫蒂第九季第六集,瑞克的头,瑞克与莫蒂,动画片,第九季第六集",http://i1.hdslb.com/bfs/archive/0240bb2db23666f140573aeaf6fb3389fc68f378.jpg,763,https://www.bilibili.com/video/BV1hhKD61EMJ,0.04527785517817879,0.005601796547604925,0.004956231222739349,0.0024843229702626126,0.06607733541532748
33,BV1nWTM65E5u,啊啊啊,2329082,170589,25966,6170,2705,Z贤者,499951416,2249083,,"声控游戏,搞笑,游戏,steam,沙雕",http://i1.hdslb.com/bfs/archive/6a7d61c5551cfbbe35489b2dcfc72971882967a8.jpg,106,https://www.bilibili.com/video/BV1nWTM65E5u,0.07324302021139659,0.011148598460681076,0.0026491123970731815,0.0011614017883440771,0.09642554448490864
34,BV1etKD6mEFz,都盲，盲点好啊,352771,40820,11508,18627,779,高斯Goh,3913194,5479896,,"今天你搞笑了吗,逗比,聚会,日常,搞笑,MECCHA CHAMELEON,变色龙躲猫猫,沙雕,抽象,小潮team",http://i2.hdslb.com/bfs/archive/b14f2ae35a0b52ee5e8b3a23bc27c2cb8d3de779.jpg,1533,https://www.bilibili.com/video/BV1etKD6mEFz,0.11571245935748686,0.03262172911038606,0.05280195934473072,0.002208231402241114,0.2724572031147685
35,BV1ZBKQ6fEpN,你是龙啊？你是虾子！！！！,412679,13667,3408,1038,330,失眠的老张,456318119,596357,,"独立游戏,多人联机,逆天,搞笑,躲猫猫,steam,MECCHA CHAMELEON,变色龙躲猫猫,游戏日常,涂鸦躲猫猫",http://i1.hdslb.com/bfs/archive/9ce86637a98217ccb2cfa19ef8a82fbbed5bf88c.jpg,1166,https://www.bilibili.com/video/BV1ZBKQ6fEpN,0.03311775011570737,0.008258234608497162,0.0025152721606866353,0.0007996529990622251,0.051335299348888606
36,BV1B7KD6sESB,《五十六个民族，五十六只噶》终极典藏版,210960,35060,12448,13918,1110,皮蛋瘦肉粥煎鸡蛋,3706988932368570,985,,"变装视频,民族,民族服饰,典藏版,咕咕嘎嘎",http://i0.hdslb.com/bfs/archive/7cb09f92ca9a3aa75f94fba2e4ab2329fcee0da4.jpg,251,https://www.bilibili.com/video/BV1B7KD6sESB,0.1661926431551005,0.0590064467197573,0.06597459233978005,0.0052616609783845275,0.3919131588926811
37,BV15fKU6UEZp,极端热浪席卷欧洲多国，热一热百姓让领导先凉快？,1197773,72318,8411,8331,6583,麻薯波比呀,703186600,3390735,,"社会观察局,欧洲高温,欧洲热浪,欧洲环保,欧洲空调,空调,欧洲天气",http://i0.hdslb.com/bfs/archive/72383d80ad7a03118c1870d522ea9026da5b760b.jpg,992,https://www.bilibili.com/video/BV15fKU6UEZp,0.06037704974147856,0.007022198697082001,0.006955408078158382,0.005496033054677305,0.09031719699809564
38,BV1k37s6XE2C,【乘风2026】总决赛-《想见你想见你想见你》张月&陈瑶 愿所有想念都能在我们的歌声里靠岸,1624825,53129,26023,43459,83620,张月ZhangYue,1854329029,36135,,"一起来看乘风2026,陈瑶,音乐,舞台现场,张月",http://i1.hdslb.com/bfs/archive/bae90bb1d97429bb4248bd1aa04daf872c3ab63f.jpg,277,https://www.bilibili.com/video/BV1k37s6XE2C,0.03269829058513994,0.016015878633083562,0.02674688043327743,0.05146400381579555,0.1616798732171157
39,BV1oQTT6KEb7,致敬！中国首批缉毒警已全体退休,1570391,301976,36537,115572,5402,央视新闻,456664753,24048581,,"禁毒,缉毒警",http://i1.hdslb.com/bfs/archive/541a2bc5d2c809499f64fa7057033297857ea5e2.jpg,1154,https://www.bilibili.com/video/BV1oQTT6KEb7,0.19229351161589694,0.023266180206076067,0.0735944105639933,0.0034399076408359445,0.3778215106938336
40,BV1VXT56UENV,铁罐轴承珠融合，最后会出什么花纹？,598840,47794,3499,3785,1621,余铁匠打铁日常,414367068,340722,,"寻找100位非遗手艺人,手工,生活记录,原创,现场,刀,非遗,刀剑,记录,创作灵感",http://i0.hdslb.com/bfs/archive/a9b505cca41afc3679e28d2e9020ec45f4309984.jpg,737,https://www.bilibili.com/video/BV1VXT56UENV,0.07981096787121769,0.005842963061919711,0.00632055306926725,0.0027069000066795804,0.10392341860931134
41,BV1wzTT6LE49,我把队友的7连跪剪成了艺术,2154288,108764,10391,5020,2110,小艾Ain,20110331,150619,,"王者荣耀UP主激励计划,王者荣耀,爱马tv,我的峡谷小剧场,王者荣耀六月创作激励活动,巅峰赛",http://i1.hdslb.com/bfs/archive/44c4a9ec3185b7079deb0f1b264555cbc1e9e3d5.jpg,133,https://www.bilibili.com/video/BV1wzTT6LE49,0.05048721433717312,0.004823403370394302,0.002330236254391242,0.0009794419316265976,0.06336223383317365
42,BV1zzKQ6FEK3,要多少气球才能让房子飘起来！？答案是...🤩 #挑战# #野兽先生# #MrBeast# #vlog# #整活#,2452991,177372,9136,3370,2348,野兽先生MrBeast,1027737427,7968509,,"MrBeast是谁,小视频",http://i1.hdslb.com/bfs/archive/2739bfaf06d805ccc5061bfd48340197de78c56c.jpg,22,https://www.bilibili.com/video/BV1zzKQ6FEK3,0.07230845934616148,0.0037244327435363603,0.0013738330063175935,0.0009571987830367091,0.08159997325713791
43,BV1K7KS6iEB7,《赛博朋克：边缘行者 2》｜官方预告片,1054297,73441,18127,19880,9784,CD_PROJEKT,271442527,1112895,,"动画,新番,赛博朋克2077,动漫,游戏,二次元,赛博朋克边缘行者2,赛博朋克边缘行者",http://i0.hdslb.com/bfs/archive/e61e9d1ffd144eeee2ece312e98ec16082d758ba.jpg,91,https://www.bilibili.com/video/BV1K7KS6iEB7,0.06965873942541807,0.017193447387216315,0.018856166715830548,0.009280117462157247,0.1424413614000609
44,BV1DP7K61ECY,你这一辈子有没有为进山姆拼过命？,2554795,202133,18621,3312,5549,菜包豆本豆,377763688,25055,,"搞笑小剧场,人类模仿ai,山姆,豆包,ai,精神状态",http://i1.hdslb.com/bfs/archive/748ffaf9545eb1c2ce28a7076b534f9394747f62.jpg,65,https://www.bilibili.com/video/BV1DP7K61ECY,0.07911906826183705,0.007288647425723003,0.00129638581569167,0.0021719942304568468,0.09481680526226174
45,BV1uB7V6iEqm,复古未来主义沙画「夜泳」,673795,72729,12909,3924,788,Raven沙画,16754336,25212,,"画师百日创作挑战,绘画过程,绘画,美术,沙画,手绘,原创,设计,艺术,复古未来主义",http://i0.hdslb.com/bfs/archive/35cb6a4a972865afa79bc2bfdefb4eee8d00eb68.jpg,159,https://www.bilibili.com/video/BV1uB7V6iEqm,0.10793935841019894,0.019158646175765626,0.00582372976944026,0.00116949517286415,0.14949428238559206
46,BV13o7W6PEcJ,《我落泪情绪零碎》,1242804,49080,15568,38726,21376,王濛,1527390033,844280,,乘风2026,http://i0.hdslb.com/bfs/archive/73675cb0057635f372ad660ee6593b72a884b674.jpg,293,https://www.bilibili.com/video/BV13o7W6PEcJ,0.039491343767802486,0.012526512627896273,0.031160182941155645,0.017199815900174123,0.1378012944921323
47,BV1v47s6kEzf,多功能求生吊坠 第四轮迭代汇报,747197,56448,9726,972,892,一诺求生录,1859189432,1630221,,"一起做手工吧！,求生,创意,测评,手工,种草,玩具,生存狂,吊坠,配饰",http://i2.hdslb.com/bfs/archive/5078d9ad235191e5804c3c659e224e3e39842e72.jpg,186,https://www.bilibili.com/video/BV1v47s6kEzf,0.07554634186165095,0.01301664755077978,0.001300861753995265,0.001193794942966848,0.09886683163877799
48,BV12mKR6nE1f,《传奇耐电王》,497670,57226,2634,2180,1230,伤心欲茄222,3493260618106936,4232173,,"配音小剧场,搞笑,八嘎",http://i0.hdslb.com/bfs/archive/29557f3b0d780608d8e7e4d371170c9549ac625f.jpg,120,https://www.bilibili.com/video/BV12mKR6nE1f,0.11498784335001105,0.0052926638133703055,0.0043804127232905336,0.0024715172704804387,0.13415918178712802
49,BV1P4KQ6MEnj,《共患难》,1268770,78291,3228,2493,939,李万基fit,3546638173866146,655243,,"搞笑研究所,原创",http://i0.hdslb.com/bfs/archive/15e37ead6d9ca08091dbd8d0ec0ef4b5ebff09a9.jpg,132,https://www.bilibili.com/video/BV1P4KQ6MEnj,0.061706219409349214,0.002544196347643781,0.0019648951346579757,0.000740086855773702,0.07019239105590454
50,BV1bcTP6CETe,我是一只猫妖，无意掉入老虎窝，躲进虎穴冒充虎崽，结果被宠成真小老虎,549377,9173,4546,1513,546,Al漫剧小剧场,3690999987571180,3161,,"动画种草激励计划,老虎,动漫,古风,二次元,搞笑,国产动画,小老虎,猫妖,动画全集",http://i2.hdslb.com/bfs/archive/896b42ebc4497c7a6a0a6560d58fb85ad4256802.jpg,1944,https://www.bilibili.com/video/BV1bcTP6CETe,0.01669709507314649,0.008274827668431696,0.0027540286542756614,0.0009938530371675553,0.035611246921512914
110,BV15LKd6wEtR,哪来的傻孩子啊,579475,48118,5447,822,249,_离咕咕,284476852,1264062,,"搞笑,娱乐,超级变色龙MECCHA,沙雕",http://i1.hdslb.com/bfs/archive/82019abecd2a391a86f872aec39224f5bc143e92.jpg,259,https://www.bilibili.com/video/BV15LKd6wEtR,0.08303723197722077,0.009399887829500842,0.0014185253893610596,0.0004296992967772553,0.1004038137969714
116,BV1U87E6jE6G,2026年7-9月国创夏季导视-哔哩哔哩版权国创,210678,3611,917,188,343,哔哩哔哩国创,98627270,7588172,,,http://i1.hdslb.com/bfs/archive/d3090707bb38f94817f43f5b2e98e343bc4c53db.png,1341,https://www.bilibili.com/video/BV1U87E6jE6G,0.017139900701544537,0.004352613941655038,0.0008923570567406184,0.0016280769705427239,0.027081612698051056
131,BV1cCjd6uE4w,AI时代，所有人都应该用语音输入,586134,30375,6000,760,250,数字游牧人,4848323,414795,,"人工智能,AI,千问,typeless,千问电脑办公,千问电脑端,千问语音输入法",http://i2.hdslb.com/bfs/archive/46dcdb579424d14e0709d0451d2e6bb34d301365.jpg,371,https://www.bilibili.com/video/BV1cCjd6uE4w,0.05182262076589995,0.010236567064869126,0.001296631828216756,0.00042652362770288023,0.07019725864734003
133,BV1pQKD6wEc6,第一次在芬兰市中心摆摊创业卖手工酱香饼蛋烘糕大爆单！咸甜粽子各国老外炫到狂飙中文！火爆街头大排长龙！,959652,47441,6862,17239,1382,雨琪在芬兰,323024456,2274044,,"记录我的美食日常,摆摊创业,海外摆摊,中国美食餐车,酱香饼,文化输出,蛋烘糕,老外吃中餐,端午美食,外国人吃中国美食",http://i2.hdslb.com/bfs/archive/1ac46682c4d2d7f3bff5477269ec8ba38e2138bd.jpg,2133,https://www.bilibili.com/video/BV1pQKD6wEc6,0.049435628748754755,0.007150508726079871,0.017963803545451892,0.001440105371530513,0.09752910430030887
134,BV1a77j62Ekx,和江西老爸，挑战江西一日三餐！！到底多好吃？？,3216103,268730,32228,37115,5271,Meetfood觅食,447317111,5457593,,"舌尖真探事务所,吃货,美食,4K,JoeJoe,大众点评必吃榜,赣州,江西,三餐,探店",http://i2.hdslb.com/bfs/archive/b52b2fce8fc480a639d7fdafaf91ab48132b9c6a.jpg,800,https://www.bilibili.com/video/BV1a77j62Ekx,0.08355764725196924,0.010020823338058513,0.011540364223409512,0.0016389400463853302,0.12330855075226135
139,BV11t7G6WEVX,这谁能绷住？忍不住画了下来暂不考虑接稿！,1357456,120444,12578,687,907,苦茶就是荼,430100854,625464,,"猫猫,可爱,生活记录,记录",http://i1.hdslb.com/bfs/archive/5c58065143ead04f2ff9bc31826a497938a7a93b.jpg,18,https://www.bilibili.com/video/BV11t7G6WEVX,0.08872773776829598,0.00926586202425714,0.0005060937518416803,0.0006681616199714761,0.10430687992833654
140,BV1tXTM6sEJj,《男人至死是傻得儿》,644034,19776,1588,820,253,龙三条,5024187,1620995,,"美剧,搞笑美漫,AmericanDad,名场面,美国老爹,美漫,Steve,Stan,Roger,搞笑美剧",http://i0.hdslb.com/bfs/archive/b89fec05c259886f1150ec78c5a962add52ac67c.jpg,1214,https://www.bilibili.com/video/BV1tXTM6sEJj,0.03070645338600136,0.0024657083321687986,0.001273224705527969,0.0003928364030470441,0.03734430169835754
147,BV1UfKQ6LEtE,真是一台好车,349326,14721,3368,7347,832,极速拍档,25150941,3520312,,"跑车,改装,性能车,赛道,莲花,二手车,汽车知识,老车,Elise,莲花跑车",http://i0.hdslb.com/bfs/archive/4b2aad67ffdbe7004a12e3caaa4b13b2b829380f.jpg,1870,https://www.bilibili.com/video/BV1UfKQ6LEtE,0.042141151818072514,0.009641423770346325,0.02103193005960049,0.002381729387448973,0.10104887698024195
151,BV1Cu7p6jEH5,4种红薯的满分吃法！有手就会…但能让你大为震撼！,2376137,124545,124528,26235,615,元气八眉菌,20546476,2252034,,"宅家美食连更挑战,下午茶,甜品,吃货,小吃,烤地瓜,美食教程,红薯,有手就会,美食复刻",http://i0.hdslb.com/bfs/archive/f334e754e35dd7f974c2fae91c24118cc65e3996.jpg,498,https://www.bilibili.com/video/BV1Cu7p6jEH5,0.05241490705291824,0.0524077525832896,0.011041030041617972,0.00025882346009510393,0.15336741947118368
152,BV1LcKS67Efe,顶疯作案，掩月之巅【凡人官方二创大会】,299612,20408,2388,2729,652,么鸣堂,249295355,92738,,"凡人官方二创大会,杀马特,凡人修仙传,AI整活,修仙时代,动画种草,updream,南宫阙,国漫巅峰,南宫婉",http://i1.hdslb.com/bfs/archive/95a10062ae4983d0e4322f795edfd7df85a53993.jpg,143,https://www.bilibili.com/video/BV1LcKS67Efe,0.06811476175854105,0.007970308265356527,0.009108446924689265,0.0021761478178444122,0.10046326582379878
153,BV13MKS6kE6V,对不起，五年前我不该网暴至冬,455622,32243,3601,2272,926,不是的的是のの,6875363,1747503,,"至冬,冷脸萌,安娜丝塔夏·费奥多罗夫娜·雪奈茨娜娅,国际象棋,偷家,富人,钟离,冰之女皇,原神",http://i0.hdslb.com/bfs/archive/b576670b0b58e90840a7f36326cdef19ca43e498.jpg,166,https://www.bilibili.com/video/BV13MKS6kE6V,0.070766995447981,0.007903481394664876,0.004986589760810497,0.0020323864958232923,0.0946277835574226
154,BV1ix7s6VEu9,看看赶海都能遇到啥,1766543,41183,3508,798,212,辉老板赶海,3546603533109324,560394,,"赶海,户外,三农",http://i1.hdslb.com/bfs/archive/925732e1d9b199de7b3a6ec3409af64c205e8883.jpg,130,https://www.bilibili.com/video/BV1ix7s6VEu9,0.023312763968949525,0.0019857993833153225,0.0004517297342889474,0.00012000840058804117,0.027314930913088443
155,BV1Fv7H66E7M,这辈子过得最痛苦的生日...,1294213,123316,13332,24645,2224,盗月社食遇记,99157282,8411764,,"记录我的美食日常,生活记录,搞笑,快乐,盲盒挑战,大众点评必吃榜,大众点评,记录,朋友,生日快乐",http://i1.hdslb.com/bfs/archive/98f339ecccf3d43d93a99e706bd3917f6b58c953.jpg,1490,https://www.bilibili.com/video/BV1Fv7H66E7M,0.09528261576726552,0.010301240985834634,0.019042460553247417,0.001718418838321049,0.15053781719083334
156,BV16xKo6VECt,高考没带准考证请直接拉到工厂，给《翘楚》《炽夏》走个面儿,153904,13159,2610,7122,1172,蜡笔小坨恰恰恰,628427286,754784,,"影视剧情课代表,陈都灵,搞笑,高考,影评杂谈,周柯宇,包上恩,翘楚,炽夏,周翊然",http://i1.hdslb.com/bfs/archive/9c273c242cf58cbc3069e2e169bfb867470c6b2b.jpg,1968,https://www.bilibili.com/video/BV16xKo6VECt,0.08550135149183907,0.016958623557542366,0.046275600374259276,0.0076151367085975676,0.21110562428526874
157,BV1GMKQ6nEy7,导员 我们真不是故意的…,1085445,92710,8964,669,383,CCCmlng小陈不憨,42019920,1197196,,"B站小剧场,生活记录,搞笑,原创,娱乐,校园,老师,导员",http://i1.hdslb.com/bfs/archive/14e109ce7274183c9ac63e48c63288582b55b075.jpg,36,https://www.bilibili.com/video/BV1GMKQ6nEy7,0.08541197389089268,0.008258364081091166,0.0006163370783411412,0.0003528506741474695,0.09938504484335918
159,BV1J6jQ6REN2,除了学习什么都学的舅舅！！1~38超长合集！,8618374,461517,660009,75296,1313,猫meme电影院,3690975337647046,374443,,"原创,猫meme,合集",http://i0.hdslb.com/bfs/archive/d7d6738d98153f18e03a96d8dc7a02ff70d77c69.jpg,4977,https://www.bilibili.com/video/BV1J6jQ6REN2,0.05355035648255692,0.07658161504710749,0.00873668281279044,0.00015234892335839684,0.18604849360215744
162,BV1cp7L6xETe,夫妻生活太无聊，所以我……,2623937,44877,31496,16680,609,英雄哪里出来,319521269,1365298,,"科技猎手,计算机,编程,科技科普,悟空安全,弹窗,杀毒软件,Python,安全软件,整活",http://i2.hdslb.com/bfs/archive/e6e75b501583b612a53e301b24dba4f34b38a37d.jpg,306,https://www.bilibili.com/video/BV1cp7L6xETe,0.01710292587055253,0.012003336970361713,0.0063568599398537385,0.0002320939870126455,0.048053745192815224
163,BV1D9KQ6UEiA,护士姐姐：学吧，这就是商务枪法.丨《内脏医生》02,59892,10172,4081,8756,898,小熊flippy,8730238,1175763,,"整点电子榨菜,恐怖游戏,搞笑,维斯拉医生,沙雕,恐怖奶奶",http://i0.hdslb.com/bfs/archive/8f461106656a379c192b2bae3a40efcf8a0a89b1.jpg,2160,https://www.bilibili.com/video/BV1D9KQ6UEiA,0.16983904361183463,0.06813931743805517,0.14619648700995125,0.014993655246109664,0.5794346490349296
168,BV1FFTN6PEST,全球首发！核电站彩蛋！36位密码门！空气墙迷宫我们整出来啦！「三角洲S10赛季」,2666427,139536,72592,39542,7312,Key725,11332884,1327415,,"三角洲S10裂变新赛季,彩蛋,解密,空气墙迷宫,三角洲行动,三角洲S10新赛季33任务攻略,36位密码门,核电站,新赛季,老key",http://i1.hdslb.com/bfs/archive/74886c242a98145f37075e740a9d7720ee3b6dff.jpg,616,https://www.bilibili.com/video/BV1FFTN6PEST,0.052330703221952074,0.027224446797155893,0.014829582808754937,0.0027422464594005387,0.12556878549459632
169,BV1Gu7H6tEse,我设置了全宇宙最安全的密码,4287895,219576,59849,46261,2821,老番茄,546195,20470502,,"推荐宝藏游戏,老番茄,高能,解谜,实况,密码,搞笑,沙雕,password game",http://i2.hdslb.com/bfs/archive/7bec2de0a7e7c96d31b5353ace357b56e8192019.jpg,828,https://www.bilibili.com/video/BV1Gu7H6tEse,0.05120834348788858,0.01395766454169237,0.010788743660933861,0.0006578985726096371,0.09438022619490449
170,BV1qJ5w6MEeS,UCLA计算机硕士 流放非洲上学教程,336222,24994,2171,1003,586,谢万宁Shawn,11676354,231003,,"Vlog生活B面,留学生,第一视角,vlog,徕芬,专业动作 请勿模仿,徕芬剃须刀,徕芬剃须刀P3,徕芬剃须刀T2,大学生",http://i1.hdslb.com/bfs/archive/1d8528f7240157a55385ad062369e1e2e70be88b.jpg,73,https://www.bilibili.com/video/BV1qJ5w6MEeS,0.07433778872292711,0.00645704326308213,0.0029831480390932184,0.0017428960627204645,0.09173254575845721
172,BV1jRKU6HEdG,手刃完颜专员，重创罗马奇观，降伏圣女贞德，最强英国主公！【帝国时代4】,641267,47711,9814,23932,1732,DarkCarrot,21869937,1372100,,,http://i0.hdslb.com/bfs/archive/4d83a289be0c336cb51d84c3eee69e6ae4327ff5.jpg,1296,https://www.bilibili.com/video/BV1jRKU6HEdG,0.07440114648032722,0.015304077708661134,0.037319868323178955,0.002700903055981362,0.17469790274565822
173,BV16tTg6JEjT,终于把好哥们处成了情侣!,1285586,27928,7924,4165,3586,老吴和小付,556182948,1685,,"爱的100种表达方式,情侣,情感,生活记录,男朋友,爱情,异地恋,从校园开始的恋爱,情侣日常,结束异地恋",http://i0.hdslb.com/bfs/archive/81f8f92b79fe6d0a8bb28481bf46aa7f0da7d3d5.jpg,147,https://www.bilibili.com/video/BV16tTg6JEjT,0.021723945344768843,0.006163726114005597,0.003239767701266193,0.0027893894301898123,0.04023845934849944
174,BV1GgTG66Etb,老外对中国cosplay竟这样评价…,769268,61260,9688,1895,1349,河野华,18343098,3261103,,"bilibilionly同人扶持计划,漫展,动漫,二次元,美少女,崩坏：星穹铁道,saber,河野华,海外,Cosplay",http://i0.hdslb.com/bfs/archive/81d27fd9ebba98e7105f4b3d74e3e9c11df90cff.jpg,350,https://www.bilibili.com/video/BV1GgTG66Etb,0.07963414570734777,0.01259379046054171,0.0024633807723706174,0.0017536151250279487,0.10520520806792952
175,BV1sSKX63EfB,这还是三角洲吗？核电站居然改这么勤快？这满满的求生欲啊！「三角洲S10赛季」,716929,22665,2269,718,5115,Key725,11332884,1327425,,"三角洲S10裂变新赛季,公告,三角洲行动,核电站,更新,更改,新赛季,老key",http://i0.hdslb.com/bfs/archive/5dad97919f5fcb90b916aa1e9d0b9826d083c621.jpg,312,https://www.bilibili.com/video/BV1sSKX63EfB,0.0316140091975635,0.003164888015410173,0.001001493871778098,0.007134597707722801,0.045498926671957755
177,BV12AKX6kEMK,【解说员】国宴级别....,180276,16530,2470,4935,682,women51,40006642,888635,,"火影手游,游戏解说,决斗场,火影忍者,解说员,高手,格斗游戏,段位,火影忍者手游",http://i0.hdslb.com/bfs/archive/378a041812617d5dd4c62e0092a8577d20cda654.jpg,1076,https://www.bilibili.com/video/BV12AKX6kEMK,0.09169273780203688,0.013701213694557235,0.027374692138720628,0.003783088153719852,0.17077703077503384
178,BV1aATg6iE4m,只需要用开水烫一烫 就能做出超好吃的凉拌牛肉！简单方便！酸辣开胃太适合夏天啦！！,1258453,61014,15223,953,2758,房纠纠,2007288208,194083,,"记录我的美食日常,美食制作,美食教程,家常菜,夏天,开胃菜,凉拌牛肉",http://i1.hdslb.com/bfs/archive/2928df79224cfd14b591dd7103d3fac9ea00b4db.jpg,51,https://www.bilibili.com/video/BV1aATg6iE4m,0.04848333628669486,0.012096597965915295,0.0007572789766483134,0.0021915796616957485,0.07033437085056017
179,BV16s7b68EwG,自然光｜papi酱&窦文涛：驴与跑步机,1488592,44286,34647,29260,4210,窦文涛的聊客,3706971419052108,265356,,"上B站看播客,聊客,窦文涛的聊客,鄂尔多斯 1980,#鄂尔多斯 1980自然光,自然光播客,窦文涛,papi酱,自然光",http://i2.hdslb.com/bfs/archive/aea154c3d0661a226e360a75c430b470f5792316.jpg,9306,https://www.bilibili.com/video/BV16s7b68EwG,0.029750260648989113,0.023275014241645797,0.01965615830261079,0.002828175887012694,0.10680327450369208
180,BV1gg7h6UEs8,嘉 豪 领 域,3338158,166622,80777,5633,2681,圆球鼠STG,699110573,326600,,"捉迷藏,画画躲猫猫,嘉豪",http://i0.hdslb.com/bfs/archive/b65114a8b8671e205e25e59f21352847f1aec1e2.jpg,121,https://www.bilibili.com/video/BV1gg7h6UEs8,0.0499143539640724,0.024198075705224257,0.0016874575739075262,0.0008031375387264473,0.09038952020845029
181,BV1vnj26AEzx,假如志愿填报是款游戏......,1900865,104058,15416,2247,1014,豆豆豆豆逗是我,447212385,417554,,"大学专业花式测评,搞笑,大学,第一人称,游戏,高考,夸克高考,夸克志愿填报法,大学生,志愿填报",http://i0.hdslb.com/bfs/archive/7e73c37b9c7c93d8d6db3ecde18fc42e7b8682fe.jpg,360,https://www.bilibili.com/video/BV1vnj26AEzx,0.05474244620212377,0.008109992029944262,0.0011820934153661622,0.0005334413543307915,0.06980506243210328
182,BV17Z7a6vEKo,我吃遍了西安最強的街頭小吃，第九家強得離譜！,1668244,38980,21877,14209,3081,丹牛食走起,438926406,941946,,"舌尖真探事务所,小吃,西安,街头美食,美食侦探,西安美食,探店",http://i2.hdslb.com/bfs/archive/c645104eea7bc54b077b415ff436994694a0177c.jpg,1673,https://www.bilibili.com/video/BV17Z7a6vEKo,0.023365886524992746,0.013113789109986309,0.008517339190190404,0.001846852139135522,0.06191810070948854
183,BV1vBTg6kEpd,终极硬筋流狂铁12.0，何为对抗路的尽头,1015802,46916,37286,4094,1027,江东蟹宝王,485919810,201021,,"王者荣耀UP主激励计划,娱乐,电子竞技,小满,游戏视频,王者荣耀,MOBA,教程攻略,狂铁,对抗路",http://i0.hdslb.com/bfs/archive/59b27eb20203e4eae00e4b76aede07279eab0522.jpg,343,https://www.bilibili.com/video/BV1vBTg6kEpd,0.046186166201681034,0.036705972226870984,0.004030312994067742,0.0010110238018826503,0.11031677433200565
185,BV1RdTT6YEh2,【原神幼儿园】草神的拼音课,303492,50819,8572,3310,863,原神幼儿园-持续更新,3706970311756484,8003,,"月神,原神二创,八重神子,芙宁娜,ai,原神,派蒙,草神,雷电将军",http://i1.hdslb.com/bfs/archive/4383ed5dbbb98a25e4cda9659e8b0de317b9dc2b.jpg,84,https://www.bilibili.com/video/BV1RdTT6YEh2,0.167447576871878,0.02824456657836121,0.010906383034808165,0.0028435675404953013,0.23447076034953146
186,BV1eqTM6vEcX,只用赏心悦目的忍者上段！#4,311507,37147,10394,24394,907,赵小天咯,50001728,913580,,"手机游戏,火影忍者,搞笑,决斗场,日向雏田,夏日忍者,纲手,格斗游戏,火影忍者手游",http://i1.hdslb.com/bfs/archive/9e958d6d0b5b421034b523657fae022ecec58770.jpg,1001,https://www.bilibili.com/video/BV1eqTM6vEcX,0.11924932666039607,0.033366826427656524,0.07830963670158295,0.002911652065603662,0.32883049177065043
187,BV1sGKR6LEzZ,赛后情书：营销大王日本队32强出局，安切洛蒂正反手教育森保一巴西赢麻了！,371056,13456,1972,6380,3977,HC王楚淇,1591295479,436087,,"王楚淇说球,世界杯,巴西,日本,王楚淇,维尼修斯",http://i2.hdslb.com/bfs/archive/bc4787ddf0c99d1dd813d6fc8f3fbd0bf306e116.jpg,668,https://www.bilibili.com/video/BV1sGKR6LEzZ,0.03626406795739727,0.005314561683411668,0.017194170152214222,0.010718058729679618,0.08934230951662282
188,BV14y7p6pE5J,今天我要拍的男团是_____,580927,28019,5067,1192,1155,笙笙和夕夕,43679186,862257,,"KPOP回归前线,摄影,颜值,男团,KPOP,RIIZE,RISEandREALIZE,笙笙,胶片,拉椅子",http://i2.hdslb.com/bfs/archive/aadf2f1341b6d264dd14f7b5816075033761d93a.jpg,160,https://www.bilibili.com/video/BV14y7p6pE5J,0.048231533394040904,0.008722266308847756,0.0020518929228629415,0.001988201615693538,0.06740692031873195
189,BV1pHTg6WEza,山东的好看也分很多种,1746946,153056,7010,753,4907,一铭mingming,523424910,29419,,"原创,山东,记录",http://i1.hdslb.com/bfs/archive/65a3f8c14414e01cf48db3d487f11e5c6ef56025.jpg,30,https://www.bilibili.com/video/BV1pHTg6WEza,0.0876134694489698,0.004012717050212199,0.0004310379370627369,0.0028089019351485393,0.09730352283356211
190,BV1zdKD6bEHQ,歌剧老师锐评《歌手2026》第六期（下）,515085,20107,3059,10637,7955,铁豆钢蛋,379028503,695657,,"一起看歌手2026,胡彦斌,窦靖童,刘惜君,歌手,传奇,张远,艾略特,Reaction,锐评",http://i1.hdslb.com/bfs/archive/761961c183e4d4cafd8ccaf409d2429cd993a30f.jpg,4109,https://www.bilibili.com/video/BV1zdKD6bEHQ,0.03903627556616869,0.005938825630721143,0.020650960521079044,0.015444052923303921,0.10469048797771241
191,BV1EeTg6LEaK,首届《哈基米歌王争霸赛》总决赛,1155755,67903,10228,7982,1846,林芷伊kiwi,16993069,895507,,"哈基米歌王争霸赛,音乐,翻唱,哈基米",http://i2.hdslb.com/bfs/archive/18fbad2ed4f1d23e44ac6d13495696265c19fbbf.jpg,2281,https://www.bilibili.com/video/BV1EeTg6LEaK,0.05875207115694935,0.008849626434668247,0.006906307997802302,0.0015972243252246367,0.08743635112978096
192,BV1SMTM6sEG3,清洁工咕嘎-第2集,319083,38500,4255,3774,579,清洁工咕嘎,13687231,6355,,"二次元,动画,治愈,正能量,搞笑,可爱,vlog,记录,解压,咕咕嘎嘎",http://i2.hdslb.com/bfs/archive/bb0c748f03b7790d0f406c275febdbafe60de1d0.jpg,258,https://www.bilibili.com/video/BV1SMTM6sEG3,0.12065826133012414,0.013335088362589044,0.011827643591165934,0.0018145748911725162,0.1661307559475121
193,BV1CxTG6bEQe,被诋毁的“三系杂交稻”到底有多牛？看懂它才能看懂中国饭碗【主播说三农】,1182473,177361,11132,29703,7854,央视农业,1343321779,3903095,,"中国,主播说三农,粮食,水稻,农业,三农,袁隆平,粮仓",http://i2.hdslb.com/bfs/archive/b35ec0aece2fa6fcfd9d11b4a65c5edabe615fd0.jpg,291,https://www.bilibili.com/video/BV1CxTG6bEQe,0.14999158543154897,0.009414168441900999,0.02511938961819847,0.006642012122052681,0.2209936294528501
194,BV18zKR6dEBA,三角洲行动 拳打MK47，脚踢M14！策划究极数值之作！SVCH的全面解析与最强改法教学！【S】,330672,12440,5728,667,1748,Always聪聪,52717408,1665439,,"猛攻三角洲S9新赛季,射击游戏,游戏解说,FPS,三角洲行动,教程攻略",http://i2.hdslb.com/bfs/archive/1e077fea9e879472e1159eb21b1a8e9b8a333bc3.jpg,372,https://www.bilibili.com/video/BV18zKR6dEBA,0.037620360961919966,0.017322301253205594,0.002017104562829632,0.0052862050612086904,0.07292422702859631
195,BV1jdKU6DEXW,板面：为什么那么多人爱吃？？！,567628,28682,6397,1593,1418,上班族的便当,50660116,3385481,,"舌尖真探事务所,美食制作,美食教程,河北特色板面,面条,板面,安徽板面",http://i2.hdslb.com/bfs/archive/59d2647c09165c9fd66072ef59dabc3cb2d4cd7e.jpg,429,https://www.bilibili.com/video/BV1jdKU6DEXW,0.050529572184599775,0.011269704806669157,0.0028064154692862228,0.0024981149626163613,0.07554507529579231
196,BV13VK96REyZ,三角洲新赛季最逆天的发现，回响无限制扫描,1007620,66507,9521,678,1883,小怂弟,1666628639,665632,,三角洲行动,http://i2.hdslb.com/bfs/archive/4a5dd30a8fb6e465f6fa59135930f803d583a78c.jpg,31,https://www.bilibili.com/video/BV13VK96REyZ,0.06600404914551121,0.009448998630436077,0.0006728727099501796,0.0018687600484309562,0.08339205255949664
197,BV1aKTg6eETx,一间小院，一家三口，用满院的烟火气，为孩子的未来点亮星光,504190,42043,1142,12638,451,油克东东,205961190,273812,,"家居,生活记录,房子",http://i0.hdslb.com/bfs/archive/7c05a251d0800fc086b51351353edbeda4e07904.jpg,138,https://www.bilibili.com/video/BV1aKTg6eETx,0.08338721513715068,0.0022650191396100675,0.025065947361113866,0.0008945040560106309,0.13781114262480415
198,BV1Lm756EEBb,“错误的标准答案见多了，第一次见如此超模的正解”【AI教育の小曲】【灰色轨迹尾奏-DJ】,4100877,327171,49787,9996,6653,早睡起大王,676239823,285636,,"2026B站毕业歌,歌单,音乐推荐,听歌,电台,黄家驹,音乐,灰色轨迹,综合,Beyond",http://i1.hdslb.com/bfs/archive/314c44a40e4a42fe2ab34c50f5b4562476547d39.jpg,279,https://www.bilibili.com/video/BV1Lm756EEBb,0.07978073958326475,0.012140573833353208,0.002437527387434444,0.0016223359052222244,0.10448899101338567
199,BV1wzTT6LEh5,【TF家族练习生】《突围II破局》EP01：先放空的人，才有力气往前走（下）,1526780,60804,28737,6402,9961,TF家族,3670216,8894745,,"TF四代暑期集训纪录片,TF家族练习生",http://i0.hdslb.com/bfs/archive/aaa47f5a479a534903218d33c24af6b22221c58d.jpg,3854,https://www.bilibili.com/video/BV1wzTT6LEh5,0.039824991157861644,0.018821965181624073,0.004193138500635324,0.006524188160704227,0.08296840409227263
200,BV1ci7W6mEUr,脑瘫挑战麒麟臂吃果冻,246065,42622,1892,15774,1243,阿呆去流浪,692175859,103310,,"娱乐,生活记录,美食",http://i0.hdslb.com/bfs/archive/5aa3fb402195ee7eadcfa918e16e91ce4d05e453.jpg,182,https://www.bilibili.com/video/BV1ci7W6mEUr,0.1732143945705403,0.007689025257553899,0.06410501290309471,0.005051510779672038,0.3180094690427326
201,BV11C736WEje,法国人：中国人总是一脸轻松的说出残忍的话。中国人：天气这么热，你们为什么不装空调？,3919578,104417,16947,3211,28320,文同学文案,170914,222606,,"万物研究所,西瓜,法国,中国,天气,发达国家,酷热,空调,高温",http://i1.hdslb.com/bfs/archive/80bf54c90766183294aa7514ecf2e12f57134bd9.jpg,435,https://www.bilibili.com/video/BV11C736WEje,0.02663985765814585,0.004323679743074382,0.0008192208446929746,0.007225267618095621,0.041989086580239
202,BV17k7W6CEda,尸潮来袭！开局一辆车如何在无穷的高架桥上存活下去！！「高架惊变100天2」,1722076,145998,57090,75833,1682,夏天y,84130356,1978505,,"推荐宝藏游戏,单机游戏,沙盒游戏,MC,我的世界,生存游戏,高架惊变100天,像素风,多人游戏,夏天y",http://i0.hdslb.com/bfs/archive/020aafb68c050e7408f469fbcba48891a1672841.jpg,1358,https://www.bilibili.com/video/BV17k7W6CEda,0.0847802303731078,0.03315184695681259,0.044035803297880004,0.0009767280886557852,0.22355633549274248
203,BV1sa756bEq3,父母催婚话术是如何做到全国统一的,1308395,159620,14870,1242,1701,菜包豆本豆,377763688,25133,,"人类模仿ai,菜包豆,催婚,豆包,父母,精神状态",http://i2.hdslb.com/bfs/archive/d601bcc681ee17ff51cb907eecfe2158151eb472.jpg,37,https://www.bilibili.com/video/BV1sa756bEq3,0.1219967976031703,0.011365069417110277,0.0009492546211197689,0.0013000661115335965,0.14224297708260886
204,BV1r67q6HEGb,【人森】有情人终成“家属”,831334,30835,26697,4872,827,里昂聊游戏,14576879,2634378,,"朋友收集梦想生活,主机游戏,单机游戏,人森,豆沙包",http://i0.hdslb.com/bfs/archive/9e90a4024a311698a2e66d4b1aa2ed232a0377a6.jpg,2142,https://www.bilibili.com/video/BV1r67q6HEGb,0.037090988700089256,0.03211344658103722,0.005860460416631582,0.000994786692232003,0.09797686609714026
206,BV1r3KD6bEUQ,民警一条视频为您讲清派出所和公安局的区别,1473866,96026,5817,641,2975,新华网,488055582,2222571,,"警察,民警,公安局,派出所",http://i0.hdslb.com/bfs/archive/be56b8af61b2b1ac8a9ca06ac9cc3829dae123eb.jpg,46,https://www.bilibili.com/video/BV1r3KD6bEUQ,0.0651524629783169,0.0039467631385756916,0.0004349106363807836,0.002018501003483356,0.07396092996242534
